{
  "coord_scaler_mean": [
    497350.6378269573,
    5404675.172918149,
    -241.44021791170076
  ],
  "coord_scaler_scale": [
    1081.5357828183517,
    583.937097971665,
    145.9334967920812
  ],
  "feature_scaler_mean": [
    22.201469742181676,
    0.9224349922428299,
    0.46191853041518677,
    0.3801877982415975,
    1152.5134314681627,
    2.5019928825622775
  ],
  "feature_scaler_scale": [
    19.256153370163585,
    0.13074058500296729,
    0.30845569957184127,
    0.24730015692457588,
    451.3449226599275,
    1.1216549859126252
  ],
  "lithology_classes": [
    "中砂岩",
    "泥岩",
    "炭质泥岩",
    "煤",
    "砂砾岩",
    "砂质泥岩",
    "砾岩",
    "粉砂岩",
    "粗砂岩",
    "粘土",
    "细砂岩",
    "腐殖土"
  ],
  "feature_names": [
    "layer_thickness",
    "relative_depth",
    "depth_ratio"
  ],
  "k_neighbors": 15,
  "max_distance": null,
  "graph_type": "knn",
  "sample_interval": 1.0
}